{
	"credit": "Made with Blockbench",
	"textures": {
		"0": "block/torch",
		"particle": "block/torch"
	},
	"gui_light": "front",
	"elements": [
		{
			"from": [7, 3, 7],
			"to": [9, 13, 9],
			"rotation": {"angle": 0, "axis": "y", "origin": [7, 3, 7]},
			"faces": {
				"north": {"uv": [7, 6, 9, 16], "texture": "#0"},
				"east": {"uv": [7, 6, 9, 16], "texture": "#0"},
				"south": {"uv": [7, 6, 9, 16], "texture": "#0"},
				"west": {"uv": [7, 6, 9, 16], "texture": "#0"},
				"up": {"uv": [7, 6, 9, 8], "texture": "#0"},
				"down": {"uv": [7, 14, 9, 16], "texture": "#0"}
			}
		}
	],
	"display": {
		"thirdperson_righthand": {
			"translation": [0, 2.75, 1.5],
			"scale": [0.75, 0.75, 0.75]
		},
		"thirdperson_lefthand": {
			"translation": [0, 2.75, 1.5],
			"scale": [0.75, 0.75, 0.75]
		},
		"firstperson_righthand": {
			"rotation": [-5, -19, 0],
			"translation": [3, 1.75, 0.75],
			"scale": [0.55, 0.55, 0.55]
		},
		"firstperson_lefthand": {
			"rotation": [-5, -19, 0],
			"translation": [3, 1.75, 0.75],
			"scale": [0.55, 0.55, 0.55]
		},
		"ground": {
			"translation": [0, -1.25, 0],
			"scale": [0.5, 0.5, 0.5]
		},
		"gui": {
			"translation": [0, -1.5, 0]
		},
		"head": {
			"translation": [0, 11, 0]
		},
		"fixed": {
			"scale": [1.3, 1.3, 1.3]
		}
	}
}